collision-id,report-number,report-version,is-preliminary,ncic-code,crash-date-time,crash-time-description,beat,city-id,city-code,city-name,county-code,city-is-active,city-is-incorporated,collision-type-code,collision-type-description,collision-type-other-desc,day-of-week,dispatch-notified,has-photographs,hit-run,is-attachments-mailed,is-deleted,is-highway-related,is-tow-away,judicial-district,motor-vehicle-involved-with-code,motor-vehicle-involved-with-desc,motor-vehicle-involved-with-other-desc,number-injured,number-killed,lighting-code,lighting-description,latitude,longitude,milepost-direction,milepost-distance,milepost-marker,milepost-unit-of-measure,pedestrian-action-code,pedestrian-action-desc,prepared-date,primary-collision-factor-code,primary-collision-factor-description,primary-collision-factor-is-cited,primary-collision-party-number,primary-road,reporting-district,reporting-district-code,reviewed-date,roadway-surface-code,secondary-direction,secondary-distance,secondary-road,secondary-unit-of-measure,sketch-desc,traffic-control-device-code,created-date,modified-date,is-county-road,is-freeway,chp-555-version,is-additonal-object-struck,notification-date,notification-time-description,has-digital-media-files,evidence-number,is-location-refer-to-narrative,is-aoi-one-same-as-location
28221,9370-2015-0551,1,False,9370,9/8/2015 11:00:00 PM,2300,179,14,109,Oakland,1,True,True,B,SIDE SWIPE,,Tuesday,NotApplicable,False,,,False,True,False,Oakland Superior,C,OTHER MOTOR VEHICLE,,0,0,C,DARK-STREET LIGHTS,37.500088,-122.173934,,,,,A,NO PEDESTRIANS INVOLVED,9/8/2015 12:00:00 AM,A,21658(a),False,1,i-880 n/b to I-80 E/B,,,10/8/2015 11:29:29 AM,A,S,1680.0,Powell St,F,,D,10/8/2015 11:30:18 AM,10/8/2015 11:30:18 AM,,,2,,,,,,,
28149,9370-2015-0566,1,False,9370,9/8/2015 8:01:00 PM,2001,24,14,109,Oakland,1,True,True,C,REAR END,,Tuesday,NotApplicable,False,M,,False,True,False,Oakland Superior,C,OTHER MOTOR VEHICLE,,0,0,C,DARK-STREET LIGHTS,37.495257,-122.160203,,,,,A,NO PEDESTRIANS INVOLVED,9/8/2015 12:00:00 AM,A,22350,False,1,Sr-24 w/b from 51st Street,,,10/8/2015 10:33:18 AM,A,W,40.0,42ND STREET,F,,D,10/8/2015 10:33:51 AM,10/8/2015 10:33:51 AM,,,2,,,,,,,
28107,9370-2015-0810,1,False,9370,9/25/2015 7:40:00 PM,1940,8,14,109,Oakland,1,True,True,C,REAR END,,Friday,NotApplicable,False,,,False,True,False,Oakland Superior,C,OTHER MOTOR VEHICLE,,0,0,C,DARK-STREET LIGHTS,37.854815,-122.216842,,,,,A,NO PEDESTRIANS INVOLVED,9/25/2015 12:00:00 AM,A,22350,False,1,I-80 W/B,,,10/8/2015 10:06:31 AM,A,E,300.0,SAN FRANCISCO OAKLAND TOLL PLAZA,F,,D,10/8/2015 10:07:08 AM,10/8/2015 10:07:08 AM,,,2,,,,,,,
28094,9370-2015-0757,1,False,9370,9/24/2015 5:30:00 AM,530,9,14,109,Oakland,1,True,True,C,REAR END,,Thursday,Yes,False,F,,False,True,False,Oakland Superior,C,OTHER MOTOR VEHICLE,,1,0,D,DARK-NO STREET LIGHTS,,,,,,,A,NO PEDESTRIANS INVOLVED,9/24/2015 12:00:00 AM,A,21658(a),False,1,I-580 W/B TO I-80 W/B,,,10/8/2015 9:50:52 AM,A,E,0.5,WEST GRAND AVENUE,M,FOR SKETCH INFORMATION- SEE PAGE 4.,D,10/8/2015 9:51:40 AM,10/8/2015 9:51:40 AM,,,2,,,,,,,
28084,9370-2015-0663,1,False,9370,9/17/2015 3:00:00 PM,1500,901,14,109,Oakland,1,True,True,B,SIDE SWIPE,,Thursday,NotApplicable,False,M,,False,True,False,OAKLAND,C,OTHER MOTOR VEHICLE,,0,0,A,DAYLIGHT,37.8471,-122.26509,,,,,A,NO PEDESTRIANS INVOLVED,9/17/2015 12:00:00 AM,A,22107,False,1,61ST STREET (500 BLOCK),,,10/8/2015 9:45:28 AM,A,E,80.0,SHATTUCK AVE.,F,,D,10/8/2015 9:46:26 AM,10/8/2015 9:46:26 AM,,,2,,,,,,,
28079,9335-2015-0633,1,False,9335,9/30/2015 9:20:00 AM,920,82,14,109,Oakland,1,True,True,C,REAR END,,Wednesday,NotApplicable,False,,,False,True,False,Oakland Superior,C,OTHER MOTOR VEHICLE,,0,0,A,DAYLIGHT,37.491196,-122.203885,W,300.0,80 ALA 8.036,F,A,NO PEDESTRIANS INVOLVED,9/30/2015 12:00:00 AM,A,22350,False,1,I-80 W/B,,,10/8/2015 9:41:04 AM,A,E,300.0,SF COUNTY LINE,F,,D,10/8/2015 9:41:35 AM,10/8/2015 9:41:35 AM,,,2,,,,,,,
27923,9370-2015-0731,1,False,9370,9/18/2015 10:40:00 AM,1040,748,14,109,Oakland,1,True,True,B,SIDE SWIPE,,Friday,NotApplicable,False,M,,False,False,False,Oakland Superior,C,OTHER MOTOR VEHICLE,,0,0,A,DAYLIGHT,37.8397,-122.2593,,,,,A,NO PEDESTRIANS INVOLVED,9/18/2015 12:00:00 AM,B,UNSAFE PASSING,,1,5300 Claremont Avenue,,,10/8/2015 7:11:09 AM,A,N,223.0,CAVOUR STREET,F,,D,10/8/2015 7:11:55 AM,10/8/2015 7:11:55 AM,,,2,,,,,,,
27896,9335-2015-0582,1,False,9335,9/23/2015 9:30:00 AM,930,82,14,109,Oakland,1,True,True,B,SIDE SWIPE,,Wednesday,NotApplicable,False,,,False,True,False,Oakland Superior,C,OTHER MOTOR VEHICLE,,0,0,A,DAYLIGHT,,,W,400.0,80 ALA 1.989,F,A,NO PEDESTRIANS INVOLVED,9/23/2015 12:00:00 AM,B,UNSAFE MERGE,,,I-80 W/B,,,10/8/2015 6:12:35 AM,A,W,400.0,TOLL PLAZA,F,,D,10/8/2015 6:13:11 AM,10/8/2015 6:13:11 AM,,,2,,,,,,,
27852,9370-2015-0777,1,False,9370,9/25/2015 4:15:00 PM,1615,176,14,109,Oakland,1,True,True,B,SIDE SWIPE,,Friday,NotApplicable,False,,,False,True,False,Oakland Superior,C,OTHER MOTOR VEHICLE,,0,0,A,DAYLIGHT,37.753444,-122.208031,,,,,A,NO PEDESTRIANS INVOLVED,9/25/2015 12:00:00 AM,A,21803(a),False,1,I-880 S/B FROM 66TH AVENUE,,,10/7/2015 7:26:56 PM,A,S,140.0,66TH AVENUE O/C,F,,A,10/7/2015 7:33:02 PM,10/7/2015 7:33:02 PM,,,2,,,,,,,
27848,9370-2015-0762,1,False,9370,9/24/2015 8:40:00 AM,840,8,14,109,Oakland,1,True,True,B,SIDE SWIPE,,Thursday,NotApplicable,False,,,False,True,False,Oakland Superior,C,OTHER MOTOR VEHICLE,,0,0,A,DAYLIGHT,37.827961,-122.295443,,,,,A,NO PEDESTRIANS INVOLVED,9/24/2015 12:00:00 AM,A,21658(a) VC,False,1,I-80 W/B,,,10/7/2015 7:10:24 PM,A,W,3640.0,powell street,F,,D,10/7/2015 7:10:57 PM,10/7/2015 7:10:57 PM,,,2,,,,,,,
27716,9370-2015-0839,1,False,9370,9/30/2015 1:15:00 PM,1315,13,14,109,Oakland,1,True,True,E,HIT OBJECT,,Wednesday,NotApplicable,False,,,False,True,True,OAKLAND SUPERIOR,I,FIXED OBJECT,CONCRETE WALL,1,0,A,DAYLIGHT,37.84857,-122.22564,,,,,A,NO PEDESTRIANS INVOLVED,9/30/2015 12:00:00 AM,A,22107,False,1,SR-13 N/B TO SR-24 E/B,,,10/7/2015 2:56:02 PM,B,S,50.0,SR-24,F,,D,10/7/2015 2:56:41 PM,10/7/2015 2:56:41 PM,,,2,,,,,,,
27608,9370-2015-0756,1,False,9370,9/24/2015 5:31:00 AM,531,55,14,109,Oakland,1,True,True,C,REAR END,,Thursday,NotApplicable,False,M,,False,True,False,OAKLAND SUPERIOR,C,OTHER MOTOR VEHICLE,,1,0,D,DARK-NO STREET LIGHTS,37.82653,-122.27801,,,,,A,NO PEDESTRIANS INVOLVED,9/24/2015 12:00:00 AM,A,22350,False,1,I-580 W/B,,,10/7/2015 1:40:00 PM,A,E,147.0,SAN PABLO AVE,F,,D,10/7/2015 1:40:59 PM,10/7/2015 1:40:59 PM,,,2,,,,,,,
27602,9370-2015-0750,1,False,9370,9/23/2015 9:40:00 AM,940,98,14,109,Oakland,1,True,True,C,REAR END,,Wednesday,Yes,False,,,False,True,True,Oakland Superior,C,OTHER MOTOR VEHICLE,,1,0,A,DAYLIGHT,37.8234,-122.2688,,,,,A,NO PEDESTRIANS INVOLVED,9/23/2015 12:00:00 AM,A,22350,False,1,I-980 W/B,,,10/7/2015 1:36:29 PM,A,E,100.0,34TH STREET,F,,D,10/7/2015 1:37:12 PM,10/7/2015 1:37:12 PM,,,2,,,,,,,
27535,9370-2015-0749,1,False,9370,9/23/2015 2:10:00 PM,1410,176,14,109,Oakland,1,True,True,B,SIDE SWIPE,,Wednesday,NotApplicable,False,M,,False,True,False,Oakland Superior,C,OTHER MOTOR VEHICLE,,0,0,A,DAYLIGHT,37.7778,-122.237,,,,,A,NO PEDESTRIANS INVOLVED,9/23/2015 12:00:00 AM,A,21658(a) VC,False,1,I-880 S/B,,,10/7/2015 12:31:10 PM,A,S,1000.0,23rd Ave,F,,D,10/7/2015 12:31:44 PM,10/7/2015 12:31:44 PM,,,2,,,,,,,
27517,9370-2015-0755,1,False,9370,9/23/2015 9:40:00 AM,940,25,14,109,Oakland,1,True,True,C,REAR END,,Wednesday,NotApplicable,False,,,False,True,True,ALAMEDA,C,OTHER MOTOR VEHICLE,,1,0,A,DAYLIGHT,37.83329,-122.26666,,,,,A,NO PEDESTRIANS INVOLVED,9/23/2015 12:00:00 AM,A,22350 VC,False,1,SR-24 W/B,,,10/7/2015 12:12:31 PM,A,W,500.0,45TH STREET,F,,D,10/7/2015 12:13:17 PM,10/7/2015 12:13:17 PM,,,2,,,,,,,
27482,9370-2015-0754,1,False,9370,9/23/2015 6:27:00 PM,1827,8,14,109,Oakland,1,True,True,C,REAR END,,Wednesday,NotApplicable,False,,,False,True,False,Oakland Superior,C,OTHER MOTOR VEHICLE,,0,0,A,DAYLIGHT,37.825784,-122.302169,,,,,A,NO PEDESTRIANS INVOLVED,9/23/2015 12:00:00 AM,A,22350,False,1,I-80 E/B,,,10/7/2015 11:42:34 AM,A,E,0.4,Grand Ave,M,,D,10/7/2015 11:43:05 AM,10/7/2015 11:43:05 AM,,,2,,,,,,,
27477,9370-2015-0732,1,False,9370,9/22/2015 9:40:00 AM,940,176,14,109,Oakland,1,True,True,C,REAR END,,Tuesday,NotApplicable,False,,,False,True,False,Oakland Superior,C,OTHER MOTOR VEHICLE,,0,0,A,DAYLIGHT,37.7743,-122.2311,,,,,A,NO PEDESTRIANS INVOLVED,9/22/2015 12:00:00 AM,A,22350 VC,False,1,I-880 N/B,,,10/7/2015 11:40:44 AM,A,N,950.0,Fruitvale Ave,F,,D,10/7/2015 11:41:15 AM,10/7/2015 11:41:15 AM,,,2,,,,,,,
27452,9370-2015-0747,1,False,9370,9/22/2015 4:50:00 PM,1650,55,14,109,Oakland,1,True,True,B,SIDE SWIPE,,Tuesday,Yes,False,M,,False,True,True,Oakland Superior,C,OTHER MOTOR VEHICLE,,1,0,A,DAYLIGHT,37.823504,-122.264509,,,,,A,NO PEDESTRIANS INVOLVED,9/22/2015 12:00:00 AM,A,23152(e),False,1,I-580 W/B,,,10/7/2015 11:22:48 AM,A,E,75.0,Telegraph Ave,F,SEE ADDTIONAL PAGES,D,10/7/2015 11:23:33 AM,10/7/2015 11:23:33 AM,,,2,,,,,,,
27441,9370-2015-0753,1,False,9370,9/23/2015 5:15:00 PM,1715,53,14,109,Oakland,1,True,True,C,REAR END,,Wednesday,NotApplicable,False,,,False,True,True,Oakland Superior,C,OTHER MOTOR VEHICLE,,1,0,A,DAYLIGHT,37.79751,-122.21458,,,,,A,NO PEDESTRIANS INVOLVED,9/23/2015 12:00:00 AM,A,22350,False,1,I-580 E/B,,,10/7/2015 11:14:17 AM,A,W,650.0,Coolidge Ave,F,SEE PAGE 6.,B,10/7/2015 11:15:08 AM,10/7/2015 11:15:08 AM,,,2,,,,,,,
27355,9370-2015-0733,1,False,9370,9/22/2015 8:30:00 AM,830,176,14,109,Oakland,1,True,True,C,REAR END,,Tuesday,NotApplicable,False,,,False,True,False,Oakland Superior,C,OTHER MOTOR VEHICLE,,0,0,A,DAYLIGHT,37.7285,-122.1856,,,,,A,NO PEDESTRIANS INVOLVED,9/22/2015 12:00:00 AM,A,22350 VC,False,1,I-880 N/B,,,10/7/2015 9:59:50 AM,A,S,1400.0,98th Ave,F,,D,10/7/2015 10:00:26 AM,10/7/2015 10:00:26 AM,,,2,,,,,,,
27330,9370-2015-0737,1,False,9370,9/22/2015 7:55:00 AM,755,176,14,109,Oakland,1,True,True,C,REAR END,,Tuesday,NotApplicable,False,,,False,True,False,Oakland Superior,C,OTHER MOTOR VEHICLE,,0,0,A,DAYLIGHT,37.7507,-122.2051,,,,,A,NO PEDESTRIANS INVOLVED,9/22/2015 12:00:00 AM,A,22350 VC,False,1,I-880 N/B,,,10/7/2015 9:40:29 AM,A,S,1350.0,66th Ave,F,,D,10/7/2015 9:41:04 AM,10/7/2015 9:41:04 AM,,,2,,,,,,,
27301,9370-2015-0739,1,False,9370,9/22/2015 1:00:00 PM,1300,176,14,109,Oakland,1,True,True,C,REAR END,,Tuesday,NotApplicable,False,,,False,True,False,Oakland Superior,C,OTHER MOTOR VEHICLE,,0,0,A,DAYLIGHT,37.7739,-122.23,,,,,A,NO PEDESTRIANS INVOLVED,9/22/2015 12:00:00 AM,A,22350,False,1,I-880 N/B,,,10/7/2015 9:19:39 AM,A,N,300.0,Fruitvale Ave,F,,D,10/7/2015 9:20:11 AM,10/7/2015 9:20:11 AM,,,2,,,,,,,
27269,9370-2015-0718,1,False,9370,9/21/2015 1:45:00 AM,145,52,14,109,Oakland,1,True,True,B,SIDE SWIPE,,Monday,Yes,False,M,,False,True,True,Oakland Superior,C,OTHER MOTOR VEHICLE,,2,0,D,DARK-NO STREET LIGHTS,37.757453,-122.148218,,,,,A,NO PEDESTRIANS INVOLVED,9/21/2015 12:00:00 AM,A,21658(a),False,1,I-580 E/B,,,10/7/2015 8:44:07 AM,A,W,470.0,Twin Oaks Way,F,,D,10/7/2015 8:44:52 AM,10/7/2015 8:44:52 AM,,,2,,,,,,,
27167,9370-2015-0655,1,False,9370,9/17/2015 8:45:00 AM,845,54,14,109,Oakland,1,True,True,B,SIDE SWIPE,,Thursday,Yes,False,,,False,True,False,Oakland Superior,C,OTHER MOTOR VEHICLE,,0,0,A,DAYLIGHT,37.80551,-122.235401,,,,,A,NO PEDESTRIANS INVOLVED,9/17/2015 12:00:00 AM,A,21755,True,2,I-580 W/B,,,10/7/2015 7:14:53 AM,A,W,875.0,Park Blvd,F,,D,10/7/2015 7:16:04 AM,10/7/2015 7:16:04 AM,,,2,,,,,,,
26396,9335-2015-0607,1,False,9335,9/25/2015 9:25:00 PM,2125,82,14,109,Oakland,1,True,True,C,REAR END,,Friday,NotApplicable,False,,,False,True,True,Oakland Superior,C,OTHER MOTOR VEHICLE,,0,0,C,DARK-STREET LIGHTS,37.824061,-122.316981,,,,,A,NO PEDESTRIANS INVOLVED,9/25/2015 12:00:00 AM,A,22350,False,1,I-80 W/B,,,10/6/2015 6:59:22 AM,A,E,114.0,METERING LIGHTS,F,,A,10/6/2015 6:59:53 AM,10/6/2015 6:59:53 AM,,,2,,,,,,,
25777,9590-2015-0009,1,False,9335,8/9/2015 4:45:00 PM,1645,82,14,109,Oakland,1,True,True,C,REAR END,,Sunday,NotApplicable,False,M,,False,True,False,Oakland Superior,C,OTHER MOTOR VEHICLE,,0,0,A,DAYLIGHT,37.82471,-122.31524,,,,,A,NO PEDESTRIANS INVOLVED,8/9/2015 12:00:00 AM,A,22350,False,2,I-80 W/B,,,10/5/2015 5:59:48 AM,A,W,280.0,Toll Plaza,F,REFERENCE PAGE 4,D,10/5/2015 6:00:35 AM,10/5/2015 6:00:35 AM,,,2,,,,,,,
25735,9370-2015-0761,2,False,9370,9/24/2015 9:30:00 AM,930,52,14,109,Oakland,1,True,True,B,SIDE SWIPE,,Thursday,NotApplicable,False,,,False,True,True,Oakland Superior,C,OTHER MOTOR VEHICLE,,0,0,A,DAYLIGHT,37.45211,-122.85739,,,,,A,NO PEDESTRIANS INVOLVED,9/24/2015 12:00:00 AM,A,21658(a),False,1,I-580 E/B,,,10/4/2015 3:06:59 PM,A,W,1080.0,Golf Links Rd.,F,,D,10/4/2015 2:31:27 PM,10/4/2015 3:07:43 PM,,,2,,,,,,,
25726,9370-2015-0794,1,False,9370,9/26/2015 10:25:00 PM,2225,8,14,109,Oakland,1,True,True,B,SIDE SWIPE,,Saturday,NotApplicable,False,,,False,True,False,Oakland Superior,C,OTHER MOTOR VEHICLE,,0,0,C,DARK-STREET LIGHTS,37.824945,-122.313699,,,,,A,NO PEDESTRIANS INVOLVED,9/26/2015 12:00:00 AM,A,21658(a)VC,False,2,I-80 westbound,,,10/4/2015 1:34:09 PM,A,E,40.0,SFOBB Toll Plaza,F,,D,10/4/2015 1:34:47 PM,10/4/2015 1:34:47 PM,,,2,,,,,,,
25713,9370-2015-0607,1,False,9370,9/13/2015 12:50:00 PM,1250,8,14,109,Oakland,1,True,True,B,SIDE SWIPE,,Sunday,NotApplicable,False,M,,False,True,False,Oakland Superior,C,OTHER MOTOR VEHICLE,,0,0,A,DAYLIGHT,37.8251,-122.3131,,,,,A,NO PEDESTRIANS INVOLVED,9/13/2015 12:00:00 AM,A,21658(a),False,2,I-80 W/B,,,10/4/2015 1:02:24 PM,A,E,125.0,SFOBB TOLL PLAZA,F,,D,10/4/2015 1:02:57 PM,10/4/2015 1:02:57 PM,,,2,,,,,,,
25680,9370-2015-0826,1,False,9370,9/28/2015 12:42:00 AM,42,176,14,109,Oakland,1,True,True,C,REAR END,,Monday,NotApplicable,False,M,,False,True,True,Oakland Superior,C,OTHER MOTOR VEHICLE,,0,0,C,DARK-STREET LIGHTS,37.4399,-122.11129,,,,,A,NO PEDESTRIANS INVOLVED,9/28/2015 12:00:00 AM,A,22350,False,1,I-880 NB TO 98TH AVENUE,,,10/3/2015 9:09:53 PM,A,S,642.0,98TH AVENUE,F,,D,10/3/2015 9:10:52 PM,10/3/2015 9:10:52 PM,,,2,,,,,,,
25678,9370-2015-0720,1,False,9370,9/21/2015 8:20:00 AM,820,8,14,109,Oakland,1,True,True,B,SIDE SWIPE,,Monday,NotApplicable,False,,,False,True,False,OAKLAND SUPERIOR,C,OTHER MOTOR VEHICLE,,0,0,A,DAYLIGHT,37.82332,-122.30113,,,,,A,NO PEDESTRIANS INVOLVED,9/21/2015 12:00:00 AM,A,21658(a),False,1,I-80 W/B FROM W. GRAND AVE,,,10/3/2015 5:18:25 PM,A,W,200.0,W. GRAND AVE,F,,D,10/3/2015 5:18:59 PM,10/3/2015 5:18:59 PM,,,2,,,,,,,
25667,9370-2015-0674,1,False,9370,9/18/2015 6:00:00 PM,1800,177,14,109,Oakland,1,True,True,B,SIDE SWIPE,,Friday,NotApplicable,False,M,,False,True,False,Oakland Superior,C,OTHER MOTOR VEHICLE,,0,0,A,DAYLIGHT,37.860162,-122.24508,,,,,A,NO PEDESTRIANS INVOLVED,9/18/2015 12:00:00 AM,A,21658(a),False,1,I-880 S/B,,,10/3/2015 3:50:33 PM,A,N,135.0,16TH AVENUE,F,,D,10/3/2015 3:51:07 PM,10/3/2015 3:51:07 PM,,,2,,,,,,,
25666,9370-2015-0726,1,False,9370,9/21/2015 5:00:00 PM,1700,54,14,109,Oakland,1,True,True,C,REAR END,,Monday,NotApplicable,False,,,False,True,True,Oakland Superior,C,OTHER MOTOR VEHICLE,,1,0,A,DAYLIGHT,37.79717,-122.21314,,,,,A,NO PEDESTRIANS INVOLVED,9/21/2015 12:00:00 AM,A,22350,False,1,I-580 E/B,,,10/3/2015 3:33:30 PM,A,E,400.0,HIGHT ST.,F,SEE PAGE 4.,D,10/3/2015 3:34:26 PM,10/3/2015 3:34:26 PM,,,2,,,,,,,
25656,9370-2015-0696,2,False,9370,8/1/2015 1:15:00 PM,1315,176,14,109,Oakland,1,True,True,E,HIT OBJECT,,Saturday,NotApplicable,False,,,False,True,False,Oakland Superior,J,OTHER OBJECT,Rocks,0,0,A,DAYLIGHT,37.44484,-122.12784,,,,,A,NO PEDESTRIANS INVOLVED,8/1/2015 12:00:00 AM,A,23114(a),False,1,I-880 NB,,,10/3/2015 2:50:57 PM,A,N,2640.0,Hegenberger Rd,F,,D,10/3/2015 2:51:50 PM,10/27/2015 1:17:42 PM,,,2,,,,,,,
25642,9370-2015-0697,1,False,9370,9/19/2015 12:58:00 AM,58,177,14,109,Oakland,1,True,True,C,REAR END,,Saturday,Yes,False,,,False,True,True,Oakland Superior,C,OTHER MOTOR VEHICLE,,0,0,C,DARK-STREET LIGHTS,37.473177,-122.154392,,,,,A,NO PEDESTRIANS INVOLVED,9/19/2015 12:00:00 AM,A,23152(a),True,1,I-880 N/B,,,10/3/2015 1:59:30 PM,A,S,1683.0,Oak St,F,,D,10/3/2015 2:00:18 PM,10/3/2015 2:00:18 PM,,,2,,,,,,,
25534,9370-2015-0861,1,False,9370,10/1/2015 5:15:00 PM,1715,98,14,109,Oakland,1,True,True,B,SIDE SWIPE,,Thursday,NotApplicable,False,,,False,True,False,Oakland Superior,C,OTHER MOTOR VEHICLE,,1,0,A,DAYLIGHT,37.80992,-122.27608,,,,,A,NO PEDESTRIANS INVOLVED,10/1/2015 12:00:00 AM,A,21658(a),False,,I-980 W/B,,,10/2/2015 2:29:49 PM,A,E,100.0,18th St,F,,D,10/2/2015 2:30:56 PM,10/2/2015 2:30:56 PM,,,2,,,,,,,
25505,9370-2015-0672,1,False,9370,9/18/2015 3:15:00 PM,1515,54,14,109,Oakland,1,True,True,B,SIDE SWIPE,,Friday,NotApplicable,False,,,False,True,False,Oakland Superior,C,OTHER MOTOR VEHICLE,,0,0,A,DAYLIGHT,37.808,-122.2406,,,,,A,NO PEDESTRIANS INVOLVED,9/18/2015 12:00:00 AM,A,21658(a),False,,I-580 W/B,,,10/2/2015 1:50:54 PM,A,E,2564.0,Lakeshore Ave,F,,D,10/2/2015 1:51:30 PM,10/2/2015 1:51:30 PM,,,2,,,,,,,
24968,9370-2015-0710,1,False,9370,9/20/2015 1:43:00 PM,1343,55,14,109,Oakland,1,True,True,C,REAR END,,Sunday,NotApplicable,False,,,False,True,False,Oakland Superior,C,OTHER MOTOR VEHICLE,,0,0,A,DAYLIGHT,37.827085,-122.285247,,,,,A,NO PEDESTRIANS INVOLVED,9/20/2015 12:00:00 AM,A,22350 VC,False,1,I-580 W/B,,,10/1/2015 12:27:37 PM,A,W,175.0,hollis street,F,,D,10/1/2015 12:28:14 PM,10/1/2015 12:28:14 PM,,,2,,,,,,,
24967,9370-2015-0708,1,False,9370,9/20/2015 5:40:00 AM,540,53,14,109,Oakland,1,True,True,E,HIT OBJECT,,Sunday,NotApplicable,False,,,False,True,True,Oakland Superior,I,FIXED OBJECT,concrete wall,0,0,D,DARK-NO STREET LIGHTS,37.784107,-122.185976,,,,,A,NO PEDESTRIANS INVOLVED,9/20/2015 12:00:00 AM,A,22107 VC,False,1,I-580 E/B,,,10/1/2015 12:26:50 PM,A,E,515.0,Macarthur Blvd,F,,D,10/1/2015 12:27:25 PM,10/1/2015 12:27:25 PM,,,2,,,,,,,
24959,9370-2015-0709,1,False,9370,9/20/2015 3:05:00 PM,1505,52,14,109,Oakland,1,True,True,B,SIDE SWIPE,,Sunday,NotApplicable,False,,,False,True,False,OAKLAND SUPERIOR,C,OTHER MOTOR VEHICLE,,0,0,A,DAYLIGHT,37.78453,-122.19005,,,,,A,NO PEDESTRIANS INVOLVED,9/20/2015 12:00:00 AM,A,22107,False,1,I-580 E/B (MACARTHUR FREEWAY),,,10/1/2015 12:16:29 PM,A,W,500.0,DAVENPORT AVE,F,,D,10/1/2015 12:17:06 PM,10/1/2015 12:17:06 PM,,,2,,,,,,,
24936,9370-2015-0713,1,False,9370,9/19/2015 11:43:00 PM,2343,55,14,109,Oakland,1,True,True,B,SIDE SWIPE,,Saturday,Yes,False,,,False,True,True,Oakland Superior,C,OTHER MOTOR VEHICLE,,1,0,C,DARK-STREET LIGHTS,37.826846,-122.285629,,,,,A,NO PEDESTRIANS INVOLVED,9/19/2015 12:00:00 AM,A,21658(a),False,2,I-580 E/B,,,10/1/2015 11:46:24 AM,A,W,230.0,Hollis St,F,,D,10/1/2015 11:47:13 AM,10/1/2015 11:47:13 AM,,,2,,,,,,,
24924,9370-2015-0698,1,False,9370,9/19/2015 9:15:00 PM,2115,25,14,109,Oakland,1,True,True,C,REAR END,,Saturday,NotApplicable,False,,,False,True,True,Oakland Superior,C,OTHER MOTOR VEHICLE,,0,0,C,DARK-STREET LIGHTS,37.831288,-122.267355,,,,,A,NO PEDESTRIANS INVOLVED,9/19/2015 12:00:00 AM,A,22350,False,1,SR-24 W/B from 52nd Street,,,10/1/2015 11:31:20 AM,A,E,300.0,42nd Street,F,,D,10/1/2015 11:33:28 AM,10/1/2015 11:33:28 AM,,,2,,,,,,,
24814,9370-2015-0694,1,False,9370,9/19/2015 9:00:00 PM,2100,13,14,109,Oakland,1,True,True,H,OTHER,Deer,Saturday,NotApplicable,False,,,False,True,False,Oakland Superior,H,ANIMAL,Deer,0,0,D,DARK-NO STREET LIGHTS,37.821643,-122.207124,,,,,A,NO PEDESTRIANS INVOLVED,9/19/2015 12:00:00 AM,C,,,,SR-13 N/B,,,10/1/2015 9:39:51 AM,A,S,10.0,Park Boulevard,F,,D,10/1/2015 9:40:26 AM,10/1/2015 9:40:26 AM,,,2,,,,,,,
24798,9370-2015-0683,1,False,9370,9/19/2015 8:05:00 AM,805,8,14,109,Oakland,1,True,True,C,REAR END,,Saturday,NotApplicable,False,,,False,True,True,Oakland Superior,C,OTHER MOTOR VEHICLE,,0,0,A,DAYLIGHT,37.0251,-122.0395,,,,,A,NO PEDESTRIANS INVOLVED,9/19/2015 12:00:00 AM,A,22350,False,3,I-80 W/B,,,10/1/2015 9:25:17 AM,A,E,1768.0,the SFOBB Toll Plaza,F,,D,10/1/2015 9:26:04 AM,10/1/2015 9:26:04 AM,,,2,,,,,,,
24773,9370-2015-0642,1,False,9370,9/16/2015 6:15:00 AM,615,178,14,109,Oakland,1,True,True,B,SIDE SWIPE,,Wednesday,NotApplicable,False,M,,False,True,False,OAKLAND SUPERIOR,C,OTHER MOTOR VEHICLE,,0,0,A,DAYLIGHT,37.82519,-122.30816,,,,,A,NO PEDESTRIANS INVOLVED,9/16/2015 12:00:00 AM,A,22107,False,1,I-880 N/B TO I-80 W/B,,,10/1/2015 9:00:51 AM,A,E,0.2,BAY BRIDGE ADMIN BUILDING,M,,D,10/1/2015 9:01:25 AM,10/1/2015 9:01:25 AM,,,2,,,,,,,
24748,9370-2015-0571,1,False,9370,9/10/2015 9:26:00 AM,926,176,14,109,Oakland,1,True,True,C,REAR END,,Thursday,NotApplicable,False,M,,False,True,False,Oakland Superior,C,OTHER MOTOR VEHICLE,,0,0,A,DAYLIGHT,37.762174,-122.215133,,,,,A,NO PEDESTRIANS INVOLVED,9/10/2015 12:00:00 AM,A,22350 VC,False,1,I-880 N/B,,,10/1/2015 8:39:07 AM,A,S,2640.0,High Street,F,,D,10/1/2015 8:40:54 AM,10/1/2015 8:40:54 AM,,,2,,,,,,,